Date,Description,Totals,Conakry,Gueckedou,Macenta,Dabola,Kissidougou,Dinguiraye,Telimele,Boffa,Kouroussa,Siguiri,Pita,Mzerekore,Yomou,Dubreka,Forecariah,Kerouane,Coyah,Dalaba,Beyla,Kindia,Lola
2014-09-24,New cases of suspects,8,2,4,2,,,,,,,,,,,,,,,,,,
2014-09-24,New cases of probables,0,,,,,,,,,,,,,,,,,,,,,
2014-09-24,New cases of confirmed,20,10,2,6,,,,,,,,,1,,,,,,1,,,
2014-09-24,Total new cases registered so far,28,12,6,8,0,0,0,0,0,0,0,0,1,0,0,0,0,0,0,,0,
2014-09-24,Total cases of suspects,36,13,8,11,0,0,0,0,0,0,0,1,1,0,0,2,0,0,0,,0,
2014-09-24,Total cases of probables,162,8,111,12,3,5,1,3,5,2,0,1,11,0,0,0,0,0,0,,0,
2014-09-24,Total cases of confirmed,876,149,243,325,1,3,0,23,19,2,6,6,21,11,21,11,22,9,3,,1,
2014-09-24,Cumulative (confirmed + probable + suspects),1074,170,362,348,4,8,1,26,24,4,6,8,33,11,21,13,22,9,3,,1,
2014-09-24,Total suspected non-class cases,838,299,259,144,3,7,0,18,20,2,9,18,10,4,19,12,9,4,1,,0,
2014-09-24,New deaths registered,3,,,2,,,,,,,,,1,,,,,,,,,
2014-09-24,Total deaths of suspects,5,2,1,2,0,0,0,0,0,0,0,0,0,0,0,0,0,0,0,,0,
2014-09-24,Total deaths of probables,162,8,111,12,3,5,1,3,5,2,0,1,11,0,0,0,0,0,0,,0,
2014-09-24,Total deaths of confirmed,481,62,184,168,1,2,0,7,11,2,3,2,10,5,7,7,5,5,0,,0,
2014-09-24,Total deaths (confirmed + probables + suspects),648,72,296,182,4,7,1,10,16,4,3,3,21,5,7,7,5,5,0,,0,
2014-09-24,Fatality rate for confirmed and probables,60%,42%,82%,52%,100%,88%,100%,38%,67%,100%,50%,38%,64%,45%,33%,54%,23%,56%,0%,,0,
2014-09-24,New cases of confirmed among health workers,0,,,,,,,,,,,,,,,,,,,,,
2014-09-24,Total case of confirmed among health workers,67,38,9,9,0,0,0,2,0,0,2,0,2,1,3,0,0,1,0,,0,
2014-09-24,New deaths registered among health workers,0,0,0,0,0,0,0,0,0,0,0,0,0,0,0,0,0,0,0,,0,
2014-09-24,Total deaths registered among health workers,35,18,6,7,0,0,0,1,0,0,0,0,1,1,1,0,0,0,0,,0,
2014-09-24,New admits to CTE so far,30,11,19,,,,,,,,,,,,,,,,,,,
2014-09-24,Total number of hospitalized cases in CTE,93,32,61,0,0,0,0,0,0,0,0,0,0,0,0,0,0,0,0,,0,
2014-09-24,Total number of exits from CTE,19,10,9,0,0,0,0,0,0,0,0,0,0,0,0,0,0,0,0,,0,
2014-09-24,Total number of admissions to CTE,1478,510,914,0,0,0,0,41,0,0,13,0,0,0,0,0,0,0,0,,0,
2014-09-24,New contacts registered so far,297,121,4,122,,,,,,,,,50,,,,,,,,,
2014-09-24,Total contacts registered from start date,10885,3234,3801,1370,69,159,0,259,397,94,141,140,314,56,341,145,215,116,34,,0,
2014-09-24,Number of contacts to follow today,2295,720,206,831,0,0,0,0,0,0,0,0,129,0,49,84,144,98,34,,0,
2014-09-24,Number of contacts followed today,1967,695,204,555,0,0,0,0,0,0,0,0,128,0,49,74,144,98,20,,0,
2014-09-24,Number of contacts out of the track 21 days,8480,2405,3595,539,69,159,0,259,397,94,141,140,185,56,292,61,71,17,0,,0,
2014-09-24,Number of contacts lost to follow up,2,0,0,0,0,0,0,0,0,0,0,0,1,0,0,0,0,1,0,,0,
2014-09-24,Number of samples collected today,45,24,21,0,,,,,,,,,,,,,,,,,,
2014-09-24,Number of samples under test,0,0,0,0,,,,,,,,,,,,,,,,,,
2014-09-24,Total samples tested,2710,1103,1607,0,,,,,,,,,,,,,,,,,,
